comment,score,submission_title
"**While the general rule is that throwback posts aren't allowed, there's an exception for events that happened 5x (5-10-15-...) years ago, and for remembrances of events that are honoured every year. If this post isn't about one of them, please report it.**

*I am a bot, and this action was performed automatically. Please [contact the moderators of this subreddit](/message/compose/?to=/r/soccer) if you have any questions or concerns.*",1,40 (Years) Not Out - October 20th. Weekend Action
!PING FIXTURE-GUIDE,3,What To Watch This Week (21-27 October)
"&nbsp;

In **1. Bundesliga**, the first top match is probably one with a foregone conclusion:

&nbsp;

SAT, Oct. 26th ---- 15_30h local time:  
**Leipzig ‚Äì Freiburg** 

While this top duel (2nd v. 3rd) is probably the game to watch this matchday, an upset seems unlikely. Leipzig have superhuman defensive capabilities and they have yet to lose a game this season. Freiburg are rather unlikely to be the team that break Leipzig‚Äôs streak and should be seen as a bit of an underdog in match.

&nbsp;

In the other top-match (**Union v. Frankfurt**, see OP above), Frankfurt should be seen as favourites, but it is an away game after all. At any rate, after yesterday‚Äôs loss in Leverkusen, Frankfurt cannot really afford to lose another game as they would slip too far in the table.

&nbsp;

&nbsp;

Those who enjoy a ton of goals much more than a game between equals, the **Bochum ‚Äì Bayern** game is the one to watch, as this is the kind of game that usually ends 0:8 or something‚Ä¶. [SUN, Oct 27th ---- 15:30 local time]

&nbsp;

&nbsp;

Two of the games listed in the OP above feature four teams that fall in the ‚Äúshould do better‚Äù category:

**Augsburg ‚Äì Dortmund**   
**Mainz ‚Äì M√∂nchengladbach**  

Dortmund fans wish their team would play better, more secure football; and bring in points against weaker opponents convincingly rather than just by scraping by. And the other three teams should really rank a bit higher in the table with a slightly more comfortable points haul than they currently have.

Of the four coaches, the ones of Dortmund and Gladbach are probably under much more pressure than those of Augsburg and Mainz.

&nbsp;

Talking of coaches under pressure: while Hoffenheim have shown signs of life recently, Matarazzo‚Äôs job is still very much in danger:

SUN, Oct. 27th ---- 19:30h local time:  
**Heidenheim- Hoffenheim**

But Hoffenheim‚Äôs game against Heidenheim will be interesting for more than another reason as well: Both teams are playing in European competitions, and with Hoffenheim‚Äôs form and psychology being all over the place, and Heidenheim still being a very small club, it will be interesting to see which of the two will begin to show some signs of wear and tear.

BTW; both are playing their European games on Thursday, and both will have to travel equally far, so no advantage/disadvantage for anyone.

&nbsp;

&nbsp;

-----------------

&nbsp;

&nbsp;

4 top-matches in **2. Bundesliga**‚Ä¶:

FRI, Oct. 25th ---- 18:30h local time:  
**K√∂ln ‚Äì Paderborn** [10th v 5th]    

SAT, Oct. 26th ---- 13:00h local time:  
**Karlsruhe ‚Äì Hertha** [2nd v. 7th]  
**Elversberg ‚Äì HSV** [8th v. 3rd]  

SUN, Oct. 27th ---- 13:30h local time:  
**Magdeburg ‚Äì Hannover** [4th v. 6th]  

&nbsp;

‚Ä¶and also 3 matches involving the lower third of the table:

SAT, Oct. 26th ---- 13:00h local time:  
**Schalke ‚Äì F√ºrth** (first match at home for Schalke‚Äôs new coach)  

SUN, Oct. 27th ---- 13:30h local time:  
**Darmstadt ‚Äì Ulm** (Darmstadt are playing very strong under their new coach)  
**Braunschweig ‚Äì M√ºnster**

&nbsp;

&nbsp;",2,What To Watch This Week (21-27 October)
"MLS playoffs begin this week with the wild card/play-in games. Lose and you're out, win and you're in. Worth a watch for people who like games that define a season.",2,What To Watch This Week (21-27 October)
"Pinged members of FIXTURE-GUIDE group.

[About & group list](https://reddit.com/r/soccer/wiki/userpinger/documentation) | [Subscribe to this group](https://reddit.com/message/compose?to=2soccer2bot&subject=Add%20yourself%20to%20group%20FIXTURE-GUIDE&message=addtogroup%20FIXTURE-GUIDE) | [Unsubscribe from this group](https://reddit.com/message/compose?to=2soccer2bot&subject=Unsubscribe%20from%20group%20FIXTURE-GUIDE&message=unsubscribe%20FIXTURE-GUIDE) | [Unsubscribe from all groups](https://reddit.com/message/compose?to=2soccer2bot&subject=Unsubscribe%20from%20all%20groups&message=unsubscribe%20)",2,What To Watch This Week (21-27 October)
"&nbsp;

There is an ‚ÄúEnglish Week‚Äú in **3. Liga**, with matchday 11 being played on Tuesday/Wednesday and matchday 12 over the weekend.

&nbsp;

There will be two top matches on matchday 11: 

TUE, Oct. 22nd ---- 19:00h local time:  
**Aue ‚Äì Cottbus**

WED, Oct. 23rd ---- 19:00h local time:  
**Wehen Wiesbaden ‚Äì Dresden**

&nbsp;

There will also be too bottom-of-the-table duels:

WED, Oct. 23rd ---- 19:00h local time:  
**Essen ‚Äì Verl**  
**1860 M√ºnchen ‚Äì Osnabr√ºck** 

&nbsp;

Three days after their match against Verl, Essen will see another duel against a direct competitor on matchday 12:

SAT, Oct. 26th ---- 14:00h local time:  
**Rostock ‚Äì Essen** 

&nbsp;

&nbsp;

------------------

&nbsp;

&nbsp;

In 4th-tier **Regionalliga S√ºdwest**, FSV Frankfurt managed to expand their lead as Offenbach and Walldorf stumbled.  
With Homburg losing against FSV, and with Walldorf and Stuttgarter Kickers both drawing their games, Steinbach Haiger have now sneaked into 5th place.

&nbsp;

FSV and Offenbach are both facing relatively easy opponents on the weekend, and Walldorf and Steinbach-Haiger will face each other (meaning one or both of them will be dropping points). This could be the moment the top of the table stretches further and moves away from the ‚Äúrunner-up‚Äù group. Although the very strong second teams of Hoffenheim and SC Freiburg are still in the mix as well (just less exciting).

FRI, Oct. 25th ---- 19:00h local time:  
**Offenbach ‚Äì Giessen**  

SAT, Oct. 26th ---- 14:00h local time:  
**FSV Frankfurt ‚Äì Villingen**  	
**Steinbach Haiger ‚Äì Walldorf**

&nbsp;

Also, a mid-table fight between two regional heavyweights:  

SUN, Oct. 27th ---- 14:00h local time:  
**Eintracht Trier ‚Äì Stuttgarter Kickers**

If Trier win this, they will be equal on points with Stuttgart, thus cementing both teams in mid-field. But the Kickers will hope to win this, in order to keep somewhat in contact with the top of the table. Again, with Walldorf and Steinbach-Haiger playing against each other, three points would benefit Stuttgarter Kickers greatly, no matter how the game in Haiger ends.

&nbsp;

&nbsp;",1,What To Watch This Week (21-27 October)
"It's not happening, unless United sign him and send him back on loan. He can't represent more than 2 clubs in a season.",52,[Yagiz Sabuncuoglu] Manchester United is interested in Benfica‚Äôs Kerem Akt√ºrkoƒülu
"Yeah sure, we sell you Akt√ºrkoƒülu and we get Antony on loan. Win win win situation /s",19,[Yagiz Sabuncuoglu] Manchester United is interested in Benfica‚Äôs Kerem Akt√ºrkoƒülu
Are interested,2,[Yagiz Sabuncuoglu] Manchester United is interested in Benfica‚Äôs Kerem Akt√ºrkoƒülu
Doesn't he have like a 60m release clause? No chance of this happening,4,[Yagiz Sabuncuoglu] Manchester United is interested in Benfica‚Äôs Kerem Akt√ºrkoƒülu
"this is bs, no way he leaves the club in a foreseeable future.",1,[Yagiz Sabuncuoglu] Manchester United is interested in Benfica‚Äôs Kerem Akt√ºrkoƒülu
Don't do this Kerem,1,[Yagiz Sabuncuoglu] Manchester United is interested in Benfica‚Äôs Kerem Akt√ºrkoƒülu
"lol this is like.. He is kinda proof that he can play in Top5 league the result is rather than losing 11M Manu lose now at least 50m.. Let's say even he wouldn't work at Benfica.. They would have lost only 11M  that's also nothing for that club

kinda off topic but Fener paid 20m for EL NESRI to Sevilla..  12-13 matches so far 1 goal 0 assist deal with this",-1,[Yagiz Sabuncuoglu] Manchester United is interested in Benfica‚Äôs Kerem Akt√ºrkoƒülu
"Will never understand a Benfica fan posting this nonsense. I mean, you go off on seeing your players getting poached or what?",-10,[Yagiz Sabuncuoglu] Manchester United is interested in Benfica‚Äôs Kerem Akt√ºrkoƒülu
Didn‚Äôt he leave gala because of fan abuse? Imagine him at United lmao,20,[Yagiz Sabuncuoglu] Manchester United is interested in Benfica‚Äôs Kerem Akt√ºrkoƒülu
[deleted],-38,[Yagiz Sabuncuoglu] Manchester United is interested in Benfica‚Äôs Kerem Akt√ºrkoƒülu
Antony is a ¬£40m player! You'd be lucky to have him /s,0,[Yagiz Sabuncuoglu] Manchester United is interested in Benfica‚Äôs Kerem Akt√ºrkoƒülu
"You think I want kerem to leave just because I posted a Turkish source? I don‚Äôt get off on players leaving, in fact, I hate all the guys who leave lol",3,[Yagiz Sabuncuoglu] Manchester United is interested in Benfica‚Äôs Kerem Akt√ºrkoƒülu
"What fan abuse?

The guys are applauded after are thrashed 7-0 by the biggest rival.

Tell me another club that does this.",3,[Yagiz Sabuncuoglu] Manchester United is interested in Benfica‚Äôs Kerem Akt√ºrkoƒülu
Galatasarays fanbase is worse then plastic united fans.,3,[Yagiz Sabuncuoglu] Manchester United is interested in Benfica‚Äôs Kerem Akt√ºrkoƒülu
"https://www.claims.co.uk/knowledge-base/football-law/footballers-transfer-in-season#:~:text=Currently%2C%20under%20the%20FIFA%20Transfer,Europe%2C%20Africa%20or%20South%20America

Fifa rules says he can only represent two clubs in one season.",21,[Yagiz Sabuncuoglu] Manchester United is interested in Benfica‚Äôs Kerem Akt√ºrkoƒülu
"> Better question is, is it a wise decision to buy more players since their recent acquisitions have underperformed?

What, so we're never going to buy another player ever again?

Whether Ten Hag goes or stays, there's still holes in the squad that need to be addressed. Of course we'll end up buying more players as time goes on.",11,[Yagiz Sabuncuoglu] Manchester United is interested in Benfica‚Äôs Kerem Akt√ºrkoƒülu
So United shouldn't buy any players ever again or what's your logic here?,10,[Yagiz Sabuncuoglu] Manchester United is interested in Benfica‚Äôs Kerem Akt√ºrkoƒülu
r/ConfidentlyWrong,1,[Yagiz Sabuncuoglu] Manchester United is interested in Benfica‚Äôs Kerem Akt√ºrkoƒülu
[deleted],-29,[Yagiz Sabuncuoglu] Manchester United is interested in Benfica‚Äôs Kerem Akt√ºrkoƒülu
[deleted],-13,[Yagiz Sabuncuoglu] Manchester United is interested in Benfica‚Äôs Kerem Akt√ºrkoƒülu
[deleted],-13,[Yagiz Sabuncuoglu] Manchester United is interested in Benfica‚Äôs Kerem Akt√ºrkoƒülu
"Fifa regulates football as a whole, so yes their rules does apply on all comps.",33,[Yagiz Sabuncuoglu] Manchester United is interested in Benfica‚Äôs Kerem Akt√ºrkoƒülu
">Calm down mate. I know you Utd fans might be traumatized because you lot get slammed on every post or by media on a weekly basis.

I had to reread his post a couple of times first trying to find where he is not calm, and then to see if it was edited. It is quite calm, you however doesnt seem as calm...",10,[Yagiz Sabuncuoglu] Manchester United is interested in Benfica‚Äôs Kerem Akt√ºrkoƒülu
"You‚Äôre talking out your arse. Ugarte and Zirkzee literally only signed a couple months ago, very early to be writing them off already.",12,[Yagiz Sabuncuoglu] Manchester United is interested in Benfica‚Äôs Kerem Akt√ºrkoƒülu
"> Dawg firstly, gross name good job.

Nobody asked, nobody cares, get better at it.

> I'm saying take a step back and reevaluate before spending obnoxious fees on Ugarte or Zirkzee type players.

You think they aren't already doing this? Of course they are, everybody is. Your point is literally [this](https://frinkiac.com/meme/S08E02/874606.jpg?b64lines=IE15IGdvb2RuZXNzLCB3aGF0IGFuCiBpZGVhLiBXaHkgZGlkbid0IEkgdGhpbmsKIG9mIHRoYXQ_IA==) meme.",7,[Yagiz Sabuncuoglu] Manchester United is interested in Benfica‚Äôs Kerem Akt√ºrkoƒülu
"Idc about all that Im not clicking on ur shitty memes or jokes.

Kerem isn't going to be a revolutionary player for your team, the interest in him from Utd tells me that they're not reevaluating enough lmao.",-6,[Yagiz Sabuncuoglu] Manchester United is interested in Benfica‚Äôs Kerem Akt√ºrkoƒülu
"**This is a quotes thread. Remember that there's only one quotes post allowed per interview/press conference, so new quotes with the same origin will be removed. Feel free to comment other quotes/the whole interview as a reply to this comment so users can see them too!**


*I am a bot, and this action was performed automatically. Please [contact the moderators of this subreddit](/message/compose/?to=/r/soccer) if you have any questions or concerns.*",1,"[Nexus Sports] Jose Mourinho after being asked ""Fenerbah√ße won in Istanbul when you were in charge of Manchester United. What kind of a match do you expect this time?"" answered ""Fenerbah√ße also lost in Manchester, and that year Manchester United were European champions and I was the manager."""
he saw his chance and he took it,276,"[Nexus Sports] Jose Mourinho after being asked ""Fenerbah√ße won in Istanbul when you were in charge of Manchester United. What kind of a match do you expect this time?"" answered ""Fenerbah√ße also lost in Manchester, and that year Manchester United were European champions and I was the manager."""
"""I don't see any reason for Manchester United to be afraid of Fenerbahce""

I mean it's true, but damn lol fener fans must be fuming and saying this won't motivate the squad at all.",161,"[Nexus Sports] Jose Mourinho after being asked ""Fenerbah√ße won in Istanbul when you were in charge of Manchester United. What kind of a match do you expect this time?"" answered ""Fenerbah√ße also lost in Manchester, and that year Manchester United were European champions and I was the manager."""
He never disappoint in press conferences ahahaha,236,"[Nexus Sports] Jose Mourinho after being asked ""Fenerbah√ße won in Istanbul when you were in charge of Manchester United. What kind of a match do you expect this time?"" answered ""Fenerbah√ße also lost in Manchester, and that year Manchester United were European champions and I was the manager."""
If him and Fred cause an upset. I wouldn't laugh. Definitely wouldn't.,52,"[Nexus Sports] Jose Mourinho after being asked ""Fenerbah√ße won in Istanbul when you were in charge of Manchester United. What kind of a match do you expect this time?"" answered ""Fenerbah√ße also lost in Manchester, and that year Manchester United were European champions and I was the manager."""
Lmao already my Turkish fener supporting colleague despises him after being so hyped with him coming. It'll be hilarious to see how this pans out nonetheless,56,"[Nexus Sports] Jose Mourinho after being asked ""Fenerbah√ße won in Istanbul when you were in charge of Manchester United. What kind of a match do you expect this time?"" answered ""Fenerbah√ße also lost in Manchester, and that year Manchester United were European champions and I was the manager."""
"Mourinho's press conferences are fun for us but really frustrating for Fenerbahce fans. He doesn't even know Fenerbahce's stadium capacity, he makes statements like Manchester has nothing to fear from Fenerbahce etc. Such statements are considered a bit insulting in here. I see his time in Turkey as limited and I think he will be sacked in 2-3 months at most.",60,"[Nexus Sports] Jose Mourinho after being asked ""Fenerbah√ße won in Istanbul when you were in charge of Manchester United. What kind of a match do you expect this time?"" answered ""Fenerbah√ße also lost in Manchester, and that year Manchester United were European champions and I was the manager."""
"Are you guys new to Mourinho? This is a classic Mourinho tactic of overplaying the underdog card.

He's done this a million times.",15,"[Nexus Sports] Jose Mourinho after being asked ""Fenerbah√ße won in Istanbul when you were in charge of Manchester United. What kind of a match do you expect this time?"" answered ""Fenerbah√ße also lost in Manchester, and that year Manchester United were European champions and I was the manager."""
So what kind of match does he expect?,4,"[Nexus Sports] Jose Mourinho after being asked ""Fenerbah√ße won in Istanbul when you were in charge of Manchester United. What kind of a match do you expect this time?"" answered ""Fenerbah√ße also lost in Manchester, and that year Manchester United were European champions and I was the manager."""
"Did he suggest Man UTD were European champions after winning the Europa League? Jesus Christ, Jose. Who were Real Madrid that season after they won the champions league?",15,"[Nexus Sports] Jose Mourinho after being asked ""Fenerbah√ße won in Istanbul when you were in charge of Manchester United. What kind of a match do you expect this time?"" answered ""Fenerbah√ße also lost in Manchester, and that year Manchester United were European champions and I was the manager."""
"Man mentions that Europa win more than the treble with Inter or UCL with porto lmao, he's clearly very proud of it",2,"[Nexus Sports] Jose Mourinho after being asked ""Fenerbah√ße won in Istanbul when you were in charge of Manchester United. What kind of a match do you expect this time?"" answered ""Fenerbah√ße also lost in Manchester, and that year Manchester United were European champions and I was the manager."""
gosh I am so shocked he made the answer about himself and his accomplishments /s,2,"[Nexus Sports] Jose Mourinho after being asked ""Fenerbah√ße won in Istanbul when you were in charge of Manchester United. What kind of a match do you expect this time?"" answered ""Fenerbah√ße also lost in Manchester, and that year Manchester United were European champions and I was the manager."""
Jose please fuck off and take Ali baskan with you,8,"[Nexus Sports] Jose Mourinho after being asked ""Fenerbah√ße won in Istanbul when you were in charge of Manchester United. What kind of a match do you expect this time?"" answered ""Fenerbah√ße also lost in Manchester, and that year Manchester United were European champions and I was the manager."""
He never fails to take his chance.,2,"[Nexus Sports] Jose Mourinho after being asked ""Fenerbah√ße won in Istanbul when you were in charge of Manchester United. What kind of a match do you expect this time?"" answered ""Fenerbah√ße also lost in Manchester, and that year Manchester United were European champions and I was the manager."""
Fred hattrick coming up,1,"[Nexus Sports] Jose Mourinho after being asked ""Fenerbah√ße won in Istanbul when you were in charge of Manchester United. What kind of a match do you expect this time?"" answered ""Fenerbah√ße also lost in Manchester, and that year Manchester United were European champions and I was the manager."""
Europa League does not make you European champions. It‚Äôs literally a second-rate competition.,0,"[Nexus Sports] Jose Mourinho after being asked ""Fenerbah√ße won in Istanbul when you were in charge of Manchester United. What kind of a match do you expect this time?"" answered ""Fenerbah√ße also lost in Manchester, and that year Manchester United were European champions and I was the manager."""
I prefer that reality,0,"[Nexus Sports] Jose Mourinho after being asked ""Fenerbah√ße won in Istanbul when you were in charge of Manchester United. What kind of a match do you expect this time?"" answered ""Fenerbah√ße also lost in Manchester, and that year Manchester United were European champions and I was the manager."""
Respect,-1,"[Nexus Sports] Jose Mourinho after being asked ""Fenerbah√ße won in Istanbul when you were in charge of Manchester United. What kind of a match do you expect this time?"" answered ""Fenerbah√ße also lost in Manchester, and that year Manchester United were European champions and I was the manager."""
"Never change, mou",0,"[Nexus Sports] Jose Mourinho after being asked ""Fenerbah√ße won in Istanbul when you were in charge of Manchester United. What kind of a match do you expect this time?"" answered ""Fenerbah√ße also lost in Manchester, and that year Manchester United were European champions and I was the manager."""
"If you try to fck with Jose in words, better be prepared to be destroyed",-14,"[Nexus Sports] Jose Mourinho after being asked ""Fenerbah√ße won in Istanbul when you were in charge of Manchester United. What kind of a match do you expect this time?"" answered ""Fenerbah√ße also lost in Manchester, and that year Manchester United were European champions and I was the manager."""
"You best come with your best shot, because Jos√© doesn‚Äôt miss.",-12,"[Nexus Sports] Jose Mourinho after being asked ""Fenerbah√ße won in Istanbul when you were in charge of Manchester United. What kind of a match do you expect this time?"" answered ""Fenerbah√ße also lost in Manchester, and that year Manchester United were European champions and I was the manager."""
When he signed for them he came out and said your shirt is my skin. 4 months later he is saying Fener is nothing to be scared of. He is basically saying he has already given up. During this press conference he also talked about going back to the PL. Mou you are 4 months into the new job its still supposed to be the tail end of the honeymoon phase not you dreaming about the next move üòÇüòÇ,74,"[Nexus Sports] Jose Mourinho after being asked ""Fenerbah√ße won in Istanbul when you were in charge of Manchester United. What kind of a match do you expect this time?"" answered ""Fenerbah√ße also lost in Manchester, and that year Manchester United were European champions and I was the manager."""
He looks like he has no motivation at all. It‚Äôs sad to watch his press conferences as a fener fan,28,"[Nexus Sports] Jose Mourinho after being asked ""Fenerbah√ße won in Istanbul when you were in charge of Manchester United. What kind of a match do you expect this time?"" answered ""Fenerbah√ße also lost in Manchester, and that year Manchester United were European champions and I was the manager."""
"I wish Ismail Hoca returns, no joke ‚Ä¶",13,"[Nexus Sports] Jose Mourinho after being asked ""Fenerbah√ße won in Istanbul when you were in charge of Manchester United. What kind of a match do you expect this time?"" answered ""Fenerbah√ße also lost in Manchester, and that year Manchester United were European champions and I was the manager."""
"Welcome to the Mourinho experience, did this everywhere",4,"[Nexus Sports] Jose Mourinho after being asked ""Fenerbah√ße won in Istanbul when you were in charge of Manchester United. What kind of a match do you expect this time?"" answered ""Fenerbah√ße also lost in Manchester, and that year Manchester United were European champions and I was the manager."""
Don't forget Amrabat,2,"[Nexus Sports] Jose Mourinho after being asked ""Fenerbah√ße won in Istanbul when you were in charge of Manchester United. What kind of a match do you expect this time?"" answered ""Fenerbah√ße also lost in Manchester, and that year Manchester United were European champions and I was the manager."""
"If Leipzig and Gul√°csi cause an upset today, I wouldn't laugh. Definitely wouldn't.",4,"[Nexus Sports] Jose Mourinho after being asked ""Fenerbah√ße won in Istanbul when you were in charge of Manchester United. What kind of a match do you expect this time?"" answered ""Fenerbah√ße also lost in Manchester, and that year Manchester United were European champions and I was the manager."""
My Turkish friends still love him ‚Ä¶,6,"[Nexus Sports] Jose Mourinho after being asked ""Fenerbah√ße won in Istanbul when you were in charge of Manchester United. What kind of a match do you expect this time?"" answered ""Fenerbah√ße also lost in Manchester, and that year Manchester United were European champions and I was the manager."""
"Mourinho tries to cultivate an underdog status and siege mentality at the clubs he go to, it won‚Äôt work at clubs with a background like Fenerbahce‚Äôs.",51,"[Nexus Sports] Jose Mourinho after being asked ""Fenerbah√ße won in Istanbul when you were in charge of Manchester United. What kind of a match do you expect this time?"" answered ""Fenerbah√ße also lost in Manchester, and that year Manchester United were European champions and I was the manager."""
And it's ran its course. It doesn't really work anymore,4,"[Nexus Sports] Jose Mourinho after being asked ""Fenerbah√ße won in Istanbul when you were in charge of Manchester United. What kind of a match do you expect this time?"" answered ""Fenerbah√ße also lost in Manchester, and that year Manchester United were European champions and I was the manager."""
He also thinks that Roma were European champs after winning the conference league and counts charity shield matches as part of his trophies won. Man's the most shameless self promoter since PT Barnum.,32,"[Nexus Sports] Jose Mourinho after being asked ""Fenerbah√ße won in Istanbul when you were in charge of Manchester United. What kind of a match do you expect this time?"" answered ""Fenerbah√ße also lost in Manchester, and that year Manchester United were European champions and I was the manager."""
"If you win a European competition you have won a European competition. You have 3 each year.

If you want to be pedantic about the terminology then European champions are only the nation that wins the euros and not clubs.",4,"[Nexus Sports] Jose Mourinho after being asked ""Fenerbah√ße won in Istanbul when you were in charge of Manchester United. What kind of a match do you expect this time?"" answered ""Fenerbah√ße also lost in Manchester, and that year Manchester United were European champions and I was the manager."""
"He's saying the year United lost to Fenerbah√ße, United were European Champions, as they won the Europa League.",-6,"[Nexus Sports] Jose Mourinho after being asked ""Fenerbah√ße won in Istanbul when you were in charge of Manchester United. What kind of a match do you expect this time?"" answered ""Fenerbah√ße also lost in Manchester, and that year Manchester United were European champions and I was the manager."""
It's so funny seeing FB fans turn on Mourinho after all of them insulted GvB,7,"[Nexus Sports] Jose Mourinho after being asked ""Fenerbah√ße won in Istanbul when you were in charge of Manchester United. What kind of a match do you expect this time?"" answered ""Fenerbah√ße also lost in Manchester, and that year Manchester United were European champions and I was the manager."""
Yeah he's gonna shred you with facts and logic,-1,"[Nexus Sports] Jose Mourinho after being asked ""Fenerbah√ße won in Istanbul when you were in charge of Manchester United. What kind of a match do you expect this time?"" answered ""Fenerbah√ße also lost in Manchester, and that year Manchester United were European champions and I was the manager."""
"Well, he missed out on actually being the european chamions that season. Claiming to be European champions by winning the europa league is some half arsed bullshit even by his incredibly low (charity shield = major trophy) standards.",11,"[Nexus Sports] Jose Mourinho after being asked ""Fenerbah√ße won in Istanbul when you were in charge of Manchester United. What kind of a match do you expect this time?"" answered ""Fenerbah√ße also lost in Manchester, and that year Manchester United were European champions and I was the manager."""
Jose has had stormtrooper aim since 2015,5,"[Nexus Sports] Jose Mourinho after being asked ""Fenerbah√ße won in Istanbul when you were in charge of Manchester United. What kind of a match do you expect this time?"" answered ""Fenerbah√ße also lost in Manchester, and that year Manchester United were European champions and I was the manager."""
Mourinho has been getting more effective at plowing through jobs. He wants to perfect the art of going through his 3rd year phase in the first year.,28,"[Nexus Sports] Jose Mourinho after being asked ""Fenerbah√ße won in Istanbul when you were in charge of Manchester United. What kind of a match do you expect this time?"" answered ""Fenerbah√ße also lost in Manchester, and that year Manchester United were European champions and I was the manager."""
Yeah coz Leipzig is the same team who got sent out by FC Kobenhaven from the UCL in group stages last season and barely top half this season yeah? üíÄ,-6,"[Nexus Sports] Jose Mourinho after being asked ""Fenerbah√ße won in Istanbul when you were in charge of Manchester United. What kind of a match do you expect this time?"" answered ""Fenerbah√ße also lost in Manchester, and that year Manchester United were European champions and I was the manager."""
Mine is a bit older maybe that's why? He's like in his early 40s. But maybe Mourinho will come good and use this as a backs to the wall thing,16,"[Nexus Sports] Jose Mourinho after being asked ""Fenerbah√ße won in Istanbul when you were in charge of Manchester United. What kind of a match do you expect this time?"" answered ""Fenerbah√ße also lost in Manchester, and that year Manchester United were European champions and I was the manager."""
"It's more anti establishment than underdogs, I'd say",27,"[Nexus Sports] Jose Mourinho after being asked ""Fenerbah√ße won in Istanbul when you were in charge of Manchester United. What kind of a match do you expect this time?"" answered ""Fenerbah√ße also lost in Manchester, and that year Manchester United were European champions and I was the manager."""
Most of the clubs he managed weren‚Äôt underdogs either,54,"[Nexus Sports] Jose Mourinho after being asked ""Fenerbah√ße won in Istanbul when you were in charge of Manchester United. What kind of a match do you expect this time?"" answered ""Fenerbah√ße also lost in Manchester, and that year Manchester United were European champions and I was the manager."""
"He is preparing his own safety net. Pure sore loser mentality of if shit goes sour it wasnt my fault type press conferences. He blamed the GS coach , refs, the federation, the fans, and the pitches already and it isnt even November yet.",20,"[Nexus Sports] Jose Mourinho after being asked ""Fenerbah√ße won in Istanbul when you were in charge of Manchester United. What kind of a match do you expect this time?"" answered ""Fenerbah√ße also lost in Manchester, and that year Manchester United were European champions and I was the manager."""
"  
You're right about the siege mentality, but...

>cultivate an underdog status 

>""Call me the Special One""

Pick one.",4,"[Nexus Sports] Jose Mourinho after being asked ""Fenerbah√ße won in Istanbul when you were in charge of Manchester United. What kind of a match do you expect this time?"" answered ""Fenerbah√ße also lost in Manchester, and that year Manchester United were European champions and I was the manager."""
And people on this sub still cannot stop dickriding him for some mysterious reason,10,"[Nexus Sports] Jose Mourinho after being asked ""Fenerbah√ße won in Istanbul when you were in charge of Manchester United. What kind of a match do you expect this time?"" answered ""Fenerbah√ße also lost in Manchester, and that year Manchester United were European champions and I was the manager."""
"Nah - that's not it. Claiming to be European Club Champions without winning the Champions League is some lame-arsed bullshit and you know it.

""Fenerbah√ße also lost in Manchester, and that year Manchester United were European champions and I was the manager.""

No they were fucking not - furthermore they were not european champions any year under Jose.

Winning the europa league = european champions? Jog on sunshine.

""If you win a European competition you have won a European competition"" Yeah - but you are NOT european champions. Joker.

#",-4,"[Nexus Sports] Jose Mourinho after being asked ""Fenerbah√ße won in Istanbul when you were in charge of Manchester United. What kind of a match do you expect this time?"" answered ""Fenerbah√ße also lost in Manchester, and that year Manchester United were European champions and I was the manager."""
"That is exactly what I'm mocking him for - Winning the Europa League only made him European Champions in his eyes. Real Madrid were European Champions that year. His team wasn't even able to compete for it as they were that far off being ""European Champions""",2,"[Nexus Sports] Jose Mourinho after being asked ""Fenerbah√ße won in Istanbul when you were in charge of Manchester United. What kind of a match do you expect this time?"" answered ""Fenerbah√ße also lost in Manchester, and that year Manchester United were European champions and I was the manager."""
"I said nothing about GvB, I knew he‚Äôd be much better than ≈ûenol, Rƒ±za or Santos.

Personally I was hyped about Mou. However it‚Äôs getting worse and worse and he showed no indications of playing more attacking football.

The season is already done, I‚Äôm not expecting much",6,"[Nexus Sports] Jose Mourinho after being asked ""Fenerbah√ße won in Istanbul when you were in charge of Manchester United. What kind of a match do you expect this time?"" answered ""Fenerbah√ße also lost in Manchester, and that year Manchester United were European champions and I was the manager."""
"If you are talking about fans on twitter, I haven‚Äôt seen anyone they didn‚Äôt insult.",2,"[Nexus Sports] Jose Mourinho after being asked ""Fenerbah√ße won in Istanbul when you were in charge of Manchester United. What kind of a match do you expect this time?"" answered ""Fenerbah√ße also lost in Manchester, and that year Manchester United were European champions and I was the manager."""
I hate seeing this because I really liked him as a manager but he is clearly stuck back in 2011 still and is refusing to change his ways.,8,"[Nexus Sports] Jose Mourinho after being asked ""Fenerbah√ße won in Istanbul when you were in charge of Manchester United. What kind of a match do you expect this time?"" answered ""Fenerbah√ße also lost in Manchester, and that year Manchester United were European champions and I was the manager."""
"Many fener fans still love him. Personally, I‚Äôm already done with him. Our president is the main person to blame though",15,"[Nexus Sports] Jose Mourinho after being asked ""Fenerbah√ße won in Istanbul when you were in charge of Manchester United. What kind of a match do you expect this time?"" answered ""Fenerbah√ße also lost in Manchester, and that year Manchester United were European champions and I was the manager."""
"does your friend live in a cave or what, Mourinho has always been like this, how does one go from hyped to despise after 14 games.",1,"[Nexus Sports] Jose Mourinho after being asked ""Fenerbah√ße won in Istanbul when you were in charge of Manchester United. What kind of a match do you expect this time?"" answered ""Fenerbah√ße also lost in Manchester, and that year Manchester United were European champions and I was the manager."""
"I think a lot of it is due to Fener's board telling him those even before the league started. First week of the season he already said ""I see that the things that I was told about this league were true"".

Fener's board a 100% believes there's a conspiracy against them, it makes sense for Mourinho to use the same excuses.

Fener's president has reportedly tons of yes-men around him, which hurts the club more than anything else.",7,"[Nexus Sports] Jose Mourinho after being asked ""Fenerbah√ße won in Istanbul when you were in charge of Manchester United. What kind of a match do you expect this time?"" answered ""Fenerbah√ße also lost in Manchester, and that year Manchester United were European champions and I was the manager."""
"???

""We won despite we were the weaker team, all thanks to me.""",1,"[Nexus Sports] Jose Mourinho after being asked ""Fenerbah√ße won in Istanbul when you were in charge of Manchester United. What kind of a match do you expect this time?"" answered ""Fenerbah√ße also lost in Manchester, and that year Manchester United were European champions and I was the manager."""
"Yeah I'm not talking about you specifically, it's just fun to see almost everyone turn on Jose. I personally think firing ƒ∞smail Kartal was a huge mistake and sheer panic from Ali Ko√ß",5,"[Nexus Sports] Jose Mourinho after being asked ""Fenerbah√ße won in Istanbul when you were in charge of Manchester United. What kind of a match do you expect this time?"" answered ""Fenerbah√ße also lost in Manchester, and that year Manchester United were European champions and I was the manager."""
I don't even think the tactics being outdated is his problem. I think he is just not that into it anymore. Would probably be different if he was coaching the Portuguese national team.,1,"[Nexus Sports] Jose Mourinho after being asked ""Fenerbah√ße won in Istanbul when you were in charge of Manchester United. What kind of a match do you expect this time?"" answered ""Fenerbah√ße also lost in Manchester, and that year Manchester United were European champions and I was the manager."""
Yeah my colleague doesn't like your president either but I don't think it's fully because of the football. But I've just got surface knowledge of how it works and have always had a soft spot for Gala,5,"[Nexus Sports] Jose Mourinho after being asked ""Fenerbah√ße won in Istanbul when you were in charge of Manchester United. What kind of a match do you expect this time?"" answered ""Fenerbah√ße also lost in Manchester, and that year Manchester United were European champions and I was the manager."""
"I used to defend Ali Ko√ß for a very long time.

However it‚Äôs time for him to go NOW. You guys dodged a bullet with Mou, apparently Hasan Arat was super interested in him ..",8,"[Nexus Sports] Jose Mourinho after being asked ""Fenerbah√ße won in Istanbul when you were in charge of Manchester United. What kind of a match do you expect this time?"" answered ""Fenerbah√ße also lost in Manchester, and that year Manchester United were European champions and I was the manager."""
Okan is awful internationally however for T√ºrkiye there are no better options,5,"[Nexus Sports] Jose Mourinho after being asked ""Fenerbah√ße won in Istanbul when you were in charge of Manchester United. What kind of a match do you expect this time?"" answered ""Fenerbah√ße also lost in Manchester, and that year Manchester United were European champions and I was the manager."""
"H√ºseyin Y√ºcel masterclass, he increased Mou's price and then left him to you guys",5,"[Nexus Sports] Jose Mourinho after being asked ""Fenerbah√ße won in Istanbul when you were in charge of Manchester United. What kind of a match do you expect this time?"" answered ""Fenerbah√ße also lost in Manchester, and that year Manchester United were European champions and I was the manager."""
"Good performance from Garnacho, Rashford, and Hojlund today

Maybe next time our medical team can wrap up a bleeding player or something to avoid having to take them off 3 fucking times",109,Post Match Thread: Manchester United 2-1 Brentford | English Premier League
"Rashford was actually kinda insane in this match, especially his tracking back. I don‚Äôt know what happened, but I hope he can keep this level of effort through the whole season.",141,Post Match Thread: Manchester United 2-1 Brentford | English Premier League
Every fixture without post match misery is worth celebrating at this point,69,Post Match Thread: Manchester United 2-1 Brentford | English Premier League
Semi retired Jonathan Grant Evans is the best centre back in the league.,137,Post Match Thread: Manchester United 2-1 Brentford | English Premier League
"A lot of positives today. Garnacho was unstoppable in the second half, this was Casemiro's best performance this season, Rashford was great today, Hojlund's link up play was very good today and he scored a great goal.

As a United fan I'm just taking one game at a time but I was very pleased with our second half performance. I just wish we didn't play so pragmatic in the first half and let Brentford have all of the ball. It was nice to see United attackers press more in the second half.",46,Post Match Thread: Manchester United 2-1 Brentford | English Premier League
"One of the weirdest performances from Brentford I‚Äôve ever seen, seemed like they weren‚Äôt arsed. 

Licha at left back was outstanding, took Mbuemo out the game completely, Jonny Evans continues to be our most important defender, best he‚Äôs ever played for us atm. Dalot a lot better on his preferred side. 

Still not perfect, lots of gaps in midfield but I can‚Äôt think of anyone who was poor today. Zirkzee was a bit shit when he came on but was very isolated",87,Post Match Thread: Manchester United 2-1 Brentford | English Premier League
"United were clearly better.  We are really missing having a proper fullback. 

Still quite hopeful for our season",37,Post Match Thread: Manchester United 2-1 Brentford | English Premier League
"have to assume INEOS phoned in at halftime and told the players to either play for ETH or be prepared to play for Gareth Southgate, day and night difference between the performances of the first and second half lmao",89,Post Match Thread: Manchester United 2-1 Brentford | English Premier League
